id,Name,Icon,Skill,Min Level,Max Level,Quantity,Gold,Iron Ingot,Wood,Leather,Additional,Copy Pasta
r_Axe_p01_r01,Crude Militant Axe,http://darkfallunholywars.info/wp-content/themes/darkfalluw/data/icons/crude_militant_axe.png,Weaponsmithing,1,25,1,1,1,1,1,,1 Crude Militant Axe: 1 Gold; 1 Iron Ingot; 1 Wood; 1 Leather
r_Axe_p01_r02,Common Militant Axe,http://darkfallunholywars.info/wp-content/themes/darkfalluw/data/icons/common_militant_axe.png,Weaponsmithing,25,50,1,8,2,2,1,,1 Common Militant Axe: 8 Gold; 2 Iron Ingot; 2 Wood; 1 Leather
r_Axe_p01_r03,Sturdy Militant Axe,http://darkfallunholywars.info/wp-content/themes/darkfalluw/data/icons/sturdy_militant_axe.png,Weaponsmithing,50,75,1,25,4,3,1,,1 Sturdy Militant Axe: 25 Gold; 4 Iron Ingot; 3 Wood; 1 Leather
r_Axe_p01_r04,Superior Militant Axe,http://darkfallunholywars.info/wp-content/themes/darkfalluw/data/icons/superior_militant_axe.png,Weaponsmithing,75,100,1,50,8,4,1,,1 Superior Militant Axe: 50 Gold; 8 Iron Ingot; 4 Wood; 1 Leather
r_Axe_p01_r05,Selentine Militant Axe,http://darkfallunholywars.info/wp-content/themes/darkfalluw/data/icons/selentine_militant_axe.png,Weaponsmithing Mastery,1,25,1,95,10,4,2,1 Selentine Ingot; 1 Selentine Wood,1 Selentine Militant Axe: 95 Gold; 10 Iron Ingot; 4 Wood; 2 Leather; 1 Selentine Ingot; 1 Selentine Wood
r_Axe_p01_r06,Veilron Militant Axe,http://darkfallunholywars.info/wp-content/themes/darkfalluw/data/icons/veilron_militant_axe.png,Weaponsmithing Mastery,25,50,1,155,10,4,2,1 Veilron Ingot; 1 Selentine Wood,1 Veilron Militant Axe: 155 Gold; 10 Iron Ingot; 4 Wood; 2 Leather; 1 Veilron Ingot; 1 Selentine Wood
r_Axe_p01_r07,Neithal Militant Axe,http://darkfallunholywars.info/wp-content/themes/darkfalluw/data/icons/neithal_militant_axe.png,Weaponsmithing Mastery,50,75,1,235,10,4,2,1 Neithal Ingot; 1 Veilron Wood,1 Neithal Militant Axe: 235 Gold; 10 Iron Ingot; 4 Wood; 2 Leather; 1 Neithal Ingot; 1 Veilron Wood
r_Axe_p01_r08,Leenspar Militant Axe,http://darkfallunholywars.info/wp-content/themes/darkfalluw/data/icons/leenspar_militant_axe.png,Weaponsmithing Mastery,75,100,1,340,10,4,2,1 Leenspar Ingot; 1 Neithal Wood,1 Leenspar Militant Axe: 340 Gold; 10 Iron Ingot; 4 Wood; 2 Leather; 1 Leenspar Ingot; 1 Neithal Wood
r_Axe_p01_r09,Theyril Militant Axe,http://darkfallunholywars.info/wp-content/themes/darkfalluw/data/icons/theyril_militant_axe.png,Weaponsmithing Mastery,100,125,1,475,10,4,2,1 Theyril Ingot; 1 Leenspar Wood; 1 Primal Gristle (Q5); 1 Hellforge Iron,1 Theyril Militant Axe: 475 Gold; 10 Iron Ingot; 4 Wood; 2 Leather; 1 Theyril Ingot; 1 Leenspar Wood; 1 Primal Gristle (Q5); 1 Hellforge Iron
r_Club_p01_r01,Crude Militant Club,http://darkfallunholywars.info/wp-content/themes/darkfalluw/data/icons/crude_militant_club.png,Weaponsmithing,1,25,1,1,1,1,1,,1 Crude Militant Club: 1 Gold; 1 Iron Ingot; 1 Wood; 1 Leather
r_Club_p01_r02,Common Militant Club,http://darkfallunholywars.info/wp-content/themes/darkfalluw/data/icons/common_militant_club.png,Weaponsmithing,25,50,1,8,3,2,1,,1 Common Militant Club: 8 Gold; 3 Iron Ingot; 2 Wood; 1 Leather
r_Club_p01_r03,Sturdy Militant Club,http://darkfallunholywars.info/wp-content/themes/darkfalluw/data/icons/sturdy_militant_club.png,Weaponsmithing,50,75,1,25,5,3,1,,1 Sturdy Militant Club: 25 Gold; 5 Iron Ingot; 3 Wood; 1 Leather
r_Club_p01_r04,Superior Militant Club,http://darkfallunholywars.info/wp-content/themes/darkfalluw/data/icons/superior_militant_club.png,Weaponsmithing,75,100,1,50,9,4,1,,1 Superior Militant Club: 50 Gold; 9 Iron Ingot; 4 Wood; 1 Leather
r_Club_p01_r05,Selentine Militant Club,http://darkfallunholywars.info/wp-content/themes/darkfalluw/data/icons/selentine_militant_club.png,Weaponsmithing Mastery,1,25,1,95,12,4,2,1 Selentine Ingot; 1 Selentine Wood,1 Selentine Militant Club: 95 Gold; 12 Iron Ingot; 4 Wood; 2 Leather; 1 Selentine Ingot; 1 Selentine Wood
r_Club_p01_r06,Veilron Militant Club,http://darkfallunholywars.info/wp-content/themes/darkfalluw/data/icons/veilron_militant_club.png,Weaponsmithing Mastery,25,50,1,155,12,4,2,1 Veilron Ingot; 1 Selentine Wood,1 Veilron Militant Club: 155 Gold; 12 Iron Ingot; 4 Wood; 2 Leather; 1 Veilron Ingot; 1 Selentine Wood
r_Club_p01_r07,Neithal Militant Club,http://darkfallunholywars.info/wp-content/themes/darkfalluw/data/icons/neithal_militant_club.png,Weaponsmithing Mastery,50,75,1,235,12,4,2,1 Neithal Ingot; 1 Veilron Wood,1 Neithal Militant Club: 235 Gold; 12 Iron Ingot; 4 Wood; 2 Leather; 1 Neithal Ingot; 1 Veilron Wood
r_Club_p01_r08,Leenspar Militant Club,http://darkfallunholywars.info/wp-content/themes/darkfalluw/data/icons/leenspar_militant_club.png,Weaponsmithing Mastery,75,100,1,340,12,4,2,1 Leenspar Ingot; 1 Neithal Wood,1 Leenspar Militant Club: 340 Gold; 12 Iron Ingot; 4 Wood; 2 Leather; 1 Leenspar Ingot; 1 Neithal Wood
r_Club_p01_r09,Theyril Militant Club,http://darkfallunholywars.info/wp-content/themes/darkfalluw/data/icons/theyril_militant_club.png,Weaponsmithing Mastery,100,125,1,475,12,4,2,1 Theyril Ingot; 1 Leenspar Wood; 1 Primal Gristle (Q5); 1 Hellforge Iron,1 Theyril Militant Club: 475 Gold; 12 Iron Ingot; 4 Wood; 2 Leather; 1 Theyril Ingot; 1 Leenspar Wood; 1 Primal Gristle (Q5); 1 Hellforge Iron
r_Sword_p01_r01,Crude Militant Sword,http://darkfallunholywars.info/wp-content/themes/darkfalluw/data/icons/crude_militant_sword.png,Weaponsmithing,1,25,1,1,1,1,1,,1 Crude Militant Sword: 1 Gold; 1 Iron Ingot; 1 Wood; 1 Leather
r_Sword_p01_r02,Common Militant Sword,http://darkfallunholywars.info/wp-content/themes/darkfalluw/data/icons/common_militant_sword.png,Weaponsmithing,25,50,1,8,2,1,1,,1 Common Militant Sword: 8 Gold; 2 Iron Ingot; 1 Wood; 1 Leather
r_Sword_p01_r03,Sturdy Militant Sword,http://darkfallunholywars.info/wp-content/themes/darkfalluw/data/icons/sturdy_militant_sword.png,Weaponsmithing,50,75,1,25,4,1,1,,1 Sturdy Militant Sword: 25 Gold; 4 Iron Ingot; 1 Wood; 1 Leather
r_Sword_p01_r04,Superior Militant Sword,http://darkfallunholywars.info/wp-content/themes/darkfalluw/data/icons/superior_militant_sword.png,Weaponsmithing,75,100,1,50,8,1,1,,1 Superior Militant Sword: 50 Gold; 8 Iron Ingot; 1 Wood; 1 Leather
r_Sword_p01_r05,Selentine Militant Sword,http://darkfallunholywars.info/wp-content/themes/darkfalluw/data/icons/selentine_militant_sword.png,Weaponsmithing Mastery,1,25,1,95,10,2,2,1 Selentine Ingot; 1 Selentine Leather,1 Selentine Militant Sword: 95 Gold; 10 Iron Ingot; 2 Wood; 2 Leather; 1 Selentine Ingot; 1 Selentine Leather
r_Sword_p01_r06,Veilron Militant Sword,http://darkfallunholywars.info/wp-content/themes/darkfalluw/data/icons/veilron_militant_sword.png,Weaponsmithing Mastery,25,50,1,155,10,2,2,1 Veilron Ingot; 1 Selentine Leather,1 Veilron Militant Sword: 155 Gold; 10 Iron Ingot; 2 Wood; 2 Leather; 1 Veilron Ingot; 1 Selentine Leather
r_Sword_p01_r07,Neithal Militant Sword,http://darkfallunholywars.info/wp-content/themes/darkfalluw/data/icons/neithal_militant_sword.png,Weaponsmithing Mastery,50,75,1,235,10,2,2,1 Neithal Ingot; 1 Veilron Leather,1 Neithal Militant Sword: 235 Gold; 10 Iron Ingot; 2 Wood; 2 Leather; 1 Neithal Ingot; 1 Veilron Leather
r_Sword_p01_r08,Leenspar Militant Sword,http://darkfallunholywars.info/wp-content/themes/darkfalluw/data/icons/leenspar_militant_sword.png,Weaponsmithing Mastery,75,100,1,340,10,2,2,1 Leenspar Ingot; 1 Neithal Leather,1 Leenspar Militant Sword: 340 Gold; 10 Iron Ingot; 2 Wood; 2 Leather; 1 Leenspar Ingot; 1 Neithal Leather
r_Sword_p01_r09,Theyril Militant Sword,http://darkfallunholywars.info/wp-content/themes/darkfalluw/data/icons/theyril_militant_sword.png,Weaponsmithing Mastery,100,125,1,475,10,2,2,1 Theyril Ingot; 1 Leenspar Leather; 1 Primal Gristle (Q5); 1 Hellforge Iron,1 Theyril Militant Sword: 475 Gold; 10 Iron Ingot; 2 Wood; 2 Leather; 1 Theyril Ingot; 1 Leenspar Leather; 1 Primal Gristle (Q5); 1 Hellforge Iron
r_Greataxe_p01_r01,Crude Militant Greataxe,http://darkfallunholywars.info/wp-content/themes/darkfalluw/data/icons/crude_militant_greataxe.png,Weaponsmithing,1,25,1,1,2,1,1,,1 Crude Militant Greataxe: 1 Gold; 2 Iron Ingot; 1 Wood; 1 Leather
r_Greataxe_p01_r02,Common Militant Greataxe,http://darkfallunholywars.info/wp-content/themes/darkfalluw/data/icons/common_militant_greataxe.png,Weaponsmithing,25,50,1,8,4,3,2,,1 Common Militant Greataxe: 8 Gold; 4 Iron Ingot; 3 Wood; 2 Leather
r_Greataxe_p01_r03,Sturdy Militant Greataxe,http://darkfallunholywars.info/wp-content/themes/darkfalluw/data/icons/sturdy_militant_greataxe.png,Weaponsmithing,50,75,1,25,8,5,2,,1 Sturdy Militant Greataxe: 25 Gold; 8 Iron Ingot; 5 Wood; 2 Leather
r_Greataxe_p01_r04,Superior Militant Greataxe,http://darkfallunholywars.info/wp-content/themes/darkfalluw/data/icons/superior_militant_greataxe.png,Weaponsmithing,75,100,1,50,16,7,3,,1 Superior Militant Greataxe: 50 Gold; 16 Iron Ingot; 7 Wood; 3 Leather
r_Greataxe_p01_r05,Selentine Militant Greataxe,http://darkfallunholywars.info/wp-content/themes/darkfalluw/data/icons/selentine_militant_greataxe.png,Weaponsmithing Mastery,1,25,1,95,30,9,4,2 Selentine Ingot; 2 Selentine Wood; 1 Selentine Leather,1 Selentine Militant Greataxe: 95 Gold; 30 Iron Ingot; 9 Wood; 4 Leather; 2 Selentine Ingot; 2 Selentine Wood; 1 Selentine Leather
r_Greataxe_p01_r06,Veilron Militant Greataxe,http://darkfallunholywars.info/wp-content/themes/darkfalluw/data/icons/veilron_militant_greataxe.png,Weaponsmithing Mastery,25,50,1,155,30,9,4,2 Veilron Ingot; 2 Selentine Wood; 1 Selentine Leather,1 Veilron Militant Greataxe: 155 Gold; 30 Iron Ingot; 9 Wood; 4 Leather; 2 Veilron Ingot; 2 Selentine Wood; 1 Selentine Leather
r_Greataxe_p01_r07,Neithal Militant Greataxe,http://darkfallunholywars.info/wp-content/themes/darkfalluw/data/icons/neithal_militant_greataxe.png,Weaponsmithing Mastery,50,75,1,235,30,9,4,2 Neithal Ingot; 2 Veilron Wood; 1 Veilron Leather,1 Neithal Militant Greataxe: 235 Gold; 30 Iron Ingot; 9 Wood; 4 Leather; 2 Neithal Ingot; 2 Veilron Wood; 1 Veilron Leather
r_Greataxe_p01_r08,Leenspar Militant Greataxe,http://darkfallunholywars.info/wp-content/themes/darkfalluw/data/icons/leenspar_militant_greataxe.png,Weaponsmithing Mastery,75,100,1,340,30,9,4,2 Leenspar Ingot; 2 Neithal Wood; 1 Neithal Leather,1 Leenspar Militant Greataxe: 340 Gold; 30 Iron Ingot; 9 Wood; 4 Leather; 2 Leenspar Ingot; 2 Neithal Wood; 1 Neithal Leather
r_Greataxe_p01_r09,Theyril Militant Greataxe,http://darkfallunholywars.info/wp-content/themes/darkfalluw/data/icons/theyril_militant_greataxe.png,Weaponsmithing Mastery,100,125,1,475,30,9,4,2 Theyril Ingot; 2 Leenspar Wood; 1 Leenspar Leather; 1 Primal Gristle (Q5); 1 Primal Anima (Q5); 1 Hellforge Iron,1 Theyril Militant Greataxe: 475 Gold; 30 Iron Ingot; 9 Wood; 4 Leather; 2 Theyril Ingot; 2 Leenspar Wood; 1 Leenspar Leather; 1 Primal Gristle (Q5); 1 Primal Anima (Q5); 1 Hellforge Iron
r_Greatclub_p01_r01,Crude Militant Greatclub,http://darkfallunholywars.info/wp-content/themes/darkfalluw/data/icons/crude_militant_greatclub.png,Weaponsmithing,1,25,1,1,2,1,1,,1 Crude Militant Greatclub: 1 Gold; 2 Iron Ingot; 1 Wood; 1 Leather
r_Greatclub_p01_r02,Common Militant Greatclub,http://darkfallunholywars.info/wp-content/themes/darkfalluw/data/icons/common_militant_greatclub.png,Weaponsmithing,25,50,1,8,5,3,2,,1 Common Militant Greatclub: 8 Gold; 5 Iron Ingot; 3 Wood; 2 Leather
r_Greatclub_p01_r03,Sturdy Militant Greatclub,http://darkfallunholywars.info/wp-content/themes/darkfalluw/data/icons/sturdy_militant_greatclub.png,Weaponsmithing,50,75,1,25,9,5,2,,1 Sturdy Militant Greatclub: 25 Gold; 9 Iron Ingot; 5 Wood; 2 Leather
r_Greatclub_p01_r04,Superior Militant Greatclub,http://darkfallunholywars.info/wp-content/themes/darkfalluw/data/icons/superior_militant_greatclub.png,Weaponsmithing,75,100,1,50,18,7,3,,1 Superior Militant Greatclub: 50 Gold; 18 Iron Ingot; 7 Wood; 3 Leather
r_Greatclub_p01_r05,Selentine Militant Greatclub,http://darkfallunholywars.info/wp-content/themes/darkfalluw/data/icons/selentine_militant_greatclub.png,Weaponsmithing Mastery,1,25,1,95,32,9,4,2 Selentine Ingot; 2 Selentine Wood; 1 Selentine Leather,1 Selentine Militant Greatclub: 95 Gold; 32 Iron Ingot; 9 Wood; 4 Leather; 2 Selentine Ingot; 2 Selentine Wood; 1 Selentine Leather
r_Greatclub_p01_r06,Veilron Militant Greatclub,http://darkfallunholywars.info/wp-content/themes/darkfalluw/data/icons/veilron_militant_greatclub.png,Weaponsmithing Mastery,25,50,1,155,32,9,4,2 Veilron Ingot; 2 Selentine Wood; 1 Selentine Leather,1 Veilron Militant Greatclub: 155 Gold; 32 Iron Ingot; 9 Wood; 4 Leather; 2 Veilron Ingot; 2 Selentine Wood; 1 Selentine Leather
r_Greatclub_p01_r07,Neithal Militant Greatclub,http://darkfallunholywars.info/wp-content/themes/darkfalluw/data/icons/neithal_militant_greatclub.png,Weaponsmithing Mastery,50,75,1,235,32,9,4,2 Neithal Ingot; 2 Veilron Wood; 1 Veilron Leather,1 Neithal Militant Greatclub: 235 Gold; 32 Iron Ingot; 9 Wood; 4 Leather; 2 Neithal Ingot; 2 Veilron Wood; 1 Veilron Leather
r_Greatclub_p01_r08,Leenspar Militant Greatclub,http://darkfallunholywars.info/wp-content/themes/darkfalluw/data/icons/leenspar_militant_greatclub.png,Weaponsmithing Mastery,75,100,1,340,32,9,4,2 Leenspar Ingot; 2 Neithal Wood; 1 Neithal Leather,1 Leenspar Militant Greatclub: 340 Gold; 32 Iron Ingot; 9 Wood; 4 Leather; 2 Leenspar Ingot; 2 Neithal Wood; 1 Neithal Leather
r_Greatclub_p01_r09,Theyril Militant Greatclub,http://darkfallunholywars.info/wp-content/themes/darkfalluw/data/icons/theyril_militant_greatclub.png,Weaponsmithing Mastery,100,125,1,475,32,9,4,2 Theyril Ingot; 2 Leenspar Wood; 1 Leenspar Leather; 1 Primal Gristle (Q5); 1 Primal Anima (Q5); 1 Hellforge Iron,1 Theyril Militant Greatclub: 475 Gold; 32 Iron Ingot; 9 Wood; 4 Leather; 2 Theyril Ingot; 2 Leenspar Wood; 1 Leenspar Leather; 1 Primal Gristle (Q5); 1 Primal Anima (Q5); 1 Hellforge Iron
r_Greatsword_p01_r01,Crude Militant GreatSword,http://darkfallunholywars.info/wp-content/themes/darkfalluw/data/icons/crude_militant_greatsword.png,Weaponsmithing,1,25,1,1,2,1,1,,1 Crude Militant GreatSword: 1 Gold; 2 Iron Ingot; 1 Wood; 1 Leather
r_Greatsword_p01_r02,Common Militant GreatSword,http://darkfallunholywars.info/wp-content/themes/darkfalluw/data/icons/common_militant_greatsword.png,Weaponsmithing,25,50,1,8,4,1,1,,1 Common Militant GreatSword: 8 Gold; 4 Iron Ingot; 1 Wood; 1 Leather
r_Greatsword_p01_r03,Sturdy Militant GreatSword,http://darkfallunholywars.info/wp-content/themes/darkfalluw/data/icons/sturdy_militant_greatsword.png,Weaponsmithing,50,75,1,25,8,2,1,,1 Sturdy Militant GreatSword: 25 Gold; 8 Iron Ingot; 2 Wood; 1 Leather
r_Greatsword_p01_r04,Superior Militant GreatSword,http://darkfallunholywars.info/wp-content/themes/darkfalluw/data/icons/superior_militant_greatsword.png,Weaponsmithing,75,100,1,50,16,2,1,,1 Superior Militant GreatSword: 50 Gold; 16 Iron Ingot; 2 Wood; 1 Leather
r_Greatsword_p01_r05,Selentine Militant GreatSword,http://darkfallunholywars.info/wp-content/themes/darkfalluw/data/icons/selentine_militant_greatsword.png,Weaponsmithing Mastery,1,25,1,95,30,3,2,2 Selentine Ingot; 2 Selentine Leather; 1 Selentine Wood,1 Selentine Militant GreatSword: 95 Gold; 30 Iron Ingot; 3 Wood; 2 Leather; 2 Selentine Ingot; 2 Selentine Leather; 1 Selentine Wood
r_Greatsword_p01_r06,Veilron Militant GreatSword,http://darkfallunholywars.info/wp-content/themes/darkfalluw/data/icons/veilron_militant_greatsword.png,Weaponsmithing Mastery,25,50,1,155,30,3,2,2 Veilron Ingot; 2 Selentine Leather; 1 Selentine Wood,1 Veilron Militant GreatSword: 155 Gold; 30 Iron Ingot; 3 Wood; 2 Leather; 2 Veilron Ingot; 2 Selentine Leather; 1 Selentine Wood
r_Greatsword_p01_r07,Neithal Militant GreatSword,http://darkfallunholywars.info/wp-content/themes/darkfalluw/data/icons/neithal_militant_greatsword.png,Weaponsmithing Mastery,50,75,1,235,30,3,2,2 Neithal Ingot; 2 Veilron Leather; 1 Veilron Wood,1 Neithal Militant GreatSword: 235 Gold; 30 Iron Ingot; 3 Wood; 2 Leather; 2 Neithal Ingot; 2 Veilron Leather; 1 Veilron Wood
r_Greatsword_p01_r08,Leenspar Militant GreatSword,http://darkfallunholywars.info/wp-content/themes/darkfalluw/data/icons/leenspar_militant_greatsword.png,Weaponsmithing Mastery,75,100,1,340,30,3,2,2 Leenspar Ingot; 2 Neithal Leather; 1 Neithal Wood,1 Leenspar Militant GreatSword: 340 Gold; 30 Iron Ingot; 3 Wood; 2 Leather; 2 Leenspar Ingot; 2 Neithal Leather; 1 Neithal Wood
r_Greatsword_p01_r09,Theyril Militant GreatSword,http://darkfallunholywars.info/wp-content/themes/darkfalluw/data/icons/theyril_militant_greatsword.png,Weaponsmithing Mastery,100,125,1,475,30,3,2,2 Theyril Ingot; 2 Leenspar Leather; 1 Leenspar Wood; 1 Primal Gristle (Q5); 1 Primal Anima (Q5); 1 Hellforge Iron,1 Theyril Militant GreatSword: 475 Gold; 30 Iron Ingot; 3 Wood; 2 Leather; 2 Theyril Ingot; 2 Leenspar Leather; 1 Leenspar Wood; 1 Primal Gristle (Q5); 1 Primal Anima (Q5); 1 Hellforge Iron
r_Knives_p01_r01,Crude Militant Daggers,http://darkfallunholywars.info/wp-content/themes/darkfalluw/data/icons/crude_militant_knives.png,Weaponsmithing,1,25,1,1,2,1,1,,1 Crude Militant Daggers: 1 Gold; 2 Iron Ingot; 1 Wood; 1 Leather
r_Knives_p01_r02,Common Militant Daggers,http://darkfallunholywars.info/wp-content/themes/darkfalluw/data/icons/common_militant_knives.png,Weaponsmithing,25,50,1,8,4,1,1,,1 Common Militant Daggers: 8 Gold; 4 Iron Ingot; 1 Wood; 1 Leather
r_Knives_p01_r03,Sturdy Militant Daggers,http://darkfallunholywars.info/wp-content/themes/darkfalluw/data/icons/sturdy_militant_knives.png,Weaponsmithing,50,75,1,25,8,1,1,,1 Sturdy Militant Daggers: 25 Gold; 8 Iron Ingot; 1 Wood; 1 Leather
r_Knives_p01_r04,Superior Militant Daggers,http://darkfallunholywars.info/wp-content/themes/darkfalluw/data/icons/superior_militant_knives.png,Weaponsmithing,75,100,1,50,16,1,1,,1 Superior Militant Daggers: 50 Gold; 16 Iron Ingot; 1 Wood; 1 Leather
r_Knives_p01_r05,Selentine Militant Daggers,http://darkfallunholywars.info/wp-content/themes/darkfalluw/data/icons/selentine_militant_knives.png,Weaponsmithing Mastery,1,25,1,95,25,2,2,2 Selentine Ingot; 2 Selentine Leather; 1 Selentine Wood,1 Selentine Militant Daggers: 95 Gold; 25 Iron Ingot; 2 Wood; 2 Leather; 2 Selentine Ingot; 2 Selentine Leather; 1 Selentine Wood
r_Knives_p01_r06,Veilron Militant Daggers,http://darkfallunholywars.info/wp-content/themes/darkfalluw/data/icons/veilron_militant_knives.png,Weaponsmithing Mastery,25,50,1,155,25,2,2,2 Veilron Ingot; 2 Selentine Leather; 1 Selentine Wood,1 Veilron Militant Daggers: 155 Gold; 25 Iron Ingot; 2 Wood; 2 Leather; 2 Veilron Ingot; 2 Selentine Leather; 1 Selentine Wood
r_Knives_p01_r07,Neithal Militant Daggers,http://darkfallunholywars.info/wp-content/themes/darkfalluw/data/icons/neithal_militant_knives.png,Weaponsmithing Mastery,50,75,1,235,25,2,2,2 Neithal Ingot; 2 Veilron Leather; 1 Veilron Wood,1 Neithal Militant Daggers: 235 Gold; 25 Iron Ingot; 2 Wood; 2 Leather; 2 Neithal Ingot; 2 Veilron Leather; 1 Veilron Wood
r_Knives_p01_r08,Leenspar Militant Daggers,http://darkfallunholywars.info/wp-content/themes/darkfalluw/data/icons/leenspar_militant_knives.png,Weaponsmithing Mastery,75,100,1,340,25,2,2,2 Leenspar Ingot; 2 Neithal Leather; 1 Neithal Wood,1 Leenspar Militant Daggers: 340 Gold; 25 Iron Ingot; 2 Wood; 2 Leather; 2 Leenspar Ingot; 2 Neithal Leather; 1 Neithal Wood
r_Knives_p01_r09,Theyril Militant Daggers,http://darkfallunholywars.info/wp-content/themes/darkfalluw/data/icons/theyril_militant_knives.png,Weaponsmithing Mastery,100,125,1,475,25,2,2,2 Theyril Ingot; 2 Leenspar Leather; 1 Leenspar Wood; 1 Primal Gristle (Q5); 1 Primal Anima (Q5); 1 Hellforge Iron,1 Theyril Militant Daggers: 475 Gold; 25 Iron Ingot; 2 Wood; 2 Leather; 2 Theyril Ingot; 2 Leenspar Leather; 1 Leenspar Wood; 1 Primal Gristle (Q5); 1 Primal Anima (Q5); 1 Hellforge Iron
r_Polearm_p01_r01,Crude Militant Polearm,http://darkfallunholywars.info/wp-content/themes/darkfalluw/data/icons/crude_militant_polearm.png,Weaponsmithing,1,25,1,1,2,1,1,,1 Crude Militant Polearm: 1 Gold; 2 Iron Ingot; 1 Wood; 1 Leather
r_Polearm_p01_r02,Common Militant Polearm,http://darkfallunholywars.info/wp-content/themes/darkfalluw/data/icons/common_militant_polearm.png,Weaponsmithing,25,50,1,8,5,3,1,,1 Common Militant Polearm: 8 Gold; 5 Iron Ingot; 3 Wood; 1 Leather
r_Polearm_p01_r03,Sturdy Militant Polearm,http://darkfallunholywars.info/wp-content/themes/darkfalluw/data/icons/sturdy_militant_polearm.png,Weaponsmithing,50,75,1,25,10,5,2,,1 Sturdy Militant Polearm: 25 Gold; 10 Iron Ingot; 5 Wood; 2 Leather
r_Polearm_p01_r04,Superior Militant Polearm,http://darkfallunholywars.info/wp-content/themes/darkfalluw/data/icons/superior_militant_polearm.png,Weaponsmithing,75,100,1,50,20,8,4,,1 Superior Militant Polearm: 50 Gold; 20 Iron Ingot; 8 Wood; 4 Leather
r_Polearm_p01_r05,Selentine Militant Polearm,http://darkfallunholywars.info/wp-content/themes/darkfalluw/data/icons/selentine_militant_polearm.png,Weaponsmithing Mastery,1,25,1,95,34,10,5,2 Selentine Ingot; 2 Selentine Wood; 1 Selentine Leather,1 Selentine Militant Polearm: 95 Gold; 34 Iron Ingot; 10 Wood; 5 Leather; 2 Selentine Ingot; 2 Selentine Wood; 1 Selentine Leather
r_Polearm_p01_r06,Veilron Militant Polearm,http://darkfallunholywars.info/wp-content/themes/darkfalluw/data/icons/veilron_militant_polearm.png,Weaponsmithing Mastery,25,50,1,155,34,10,5,2 Veilron Ingot; 2 Selentine Wood; 1 Selentine Leather,1 Veilron Militant Polearm: 155 Gold; 34 Iron Ingot; 10 Wood; 5 Leather; 2 Veilron Ingot; 2 Selentine Wood; 1 Selentine Leather
r_Polearm_p01_r07,Neithal Militant Polearm,http://darkfallunholywars.info/wp-content/themes/darkfalluw/data/icons/neithal_militant_polearm.png,Weaponsmithing Mastery,50,75,1,235,34,10,5,2 Neithal Ingot; 2 Veilron Wood; 1 Veilron Leather,1 Neithal Militant Polearm: 235 Gold; 34 Iron Ingot; 10 Wood; 5 Leather; 2 Neithal Ingot; 2 Veilron Wood; 1 Veilron Leather
r_Polearm_p01_r08,Leenspar Militant Polearm,http://darkfallunholywars.info/wp-content/themes/darkfalluw/data/icons/leenspar_militant_polearm.png,Weaponsmithing Mastery,75,100,1,340,34,10,5,2 Leenspar Ingot; 2 Neithal Wood; 1 Neithal Leather,1 Leenspar Militant Polearm: 340 Gold; 34 Iron Ingot; 10 Wood; 5 Leather; 2 Leenspar Ingot; 2 Neithal Wood; 1 Neithal Leather
r_Polearm_p01_r09,Theyril Militant Polearm,http://darkfallunholywars.info/wp-content/themes/darkfalluw/data/icons/theyril_militant_polearm.png,Weaponsmithing Mastery,100,125,1,475,34,10,5,2 Theyril Ingot; 2 Leenspar Wood; 1 Leenspar Leather; 1 Primal Gristle (Q5); 1 Primal Anima (Q5); 1 Hellforge Iron,1 Theyril Militant Polearm: 475 Gold; 34 Iron Ingot; 10 Wood; 5 Leather; 2 Theyril Ingot; 2 Leenspar Wood; 1 Leenspar Leather; 1 Primal Gristle (Q5); 1 Primal Anima (Q5); 1 Hellforge Iron
r_Axe_p02_r01,Crude Stoic Axe,http://darkfallunholywars.info/wp-content/themes/darkfalluw/data/icons/crude_stoic_axe.png,Weaponsmithing,1,25,1,1,1,1,1,,1 Crude Stoic Axe: 1 Gold; 1 Iron Ingot; 1 Wood; 1 Leather
r_Axe_p02_r02,Common Stoic Axe,http://darkfallunholywars.info/wp-content/themes/darkfalluw/data/icons/common_stoic_axe.png,Weaponsmithing,25,50,1,8,2,2,1,,1 Common Stoic Axe: 8 Gold; 2 Iron Ingot; 2 Wood; 1 Leather
r_Axe_p02_r03,Sturdy Stoic Axe,http://darkfallunholywars.info/wp-content/themes/darkfalluw/data/icons/sturdy_stoic_axe.png,Weaponsmithing,50,75,1,25,4,3,1,,1 Sturdy Stoic Axe: 25 Gold; 4 Iron Ingot; 3 Wood; 1 Leather
r_Axe_p02_r04,Superior Stoic Axe,http://darkfallunholywars.info/wp-content/themes/darkfalluw/data/icons/superior_stoic_axe.png,Weaponsmithing,75,100,1,50,8,4,1,,1 Superior Stoic Axe: 50 Gold; 8 Iron Ingot; 4 Wood; 1 Leather
r_Axe_p02_r05,Selentine Stoic Axe,http://darkfallunholywars.info/wp-content/themes/darkfalluw/data/icons/selentine_stoic_axe.png,Weaponsmithing Mastery,1,25,1,95,10,4,2,1 Selentine Ingot; 1 Selentine Wood,1 Selentine Stoic Axe: 95 Gold; 10 Iron Ingot; 4 Wood; 2 Leather; 1 Selentine Ingot; 1 Selentine Wood
r_Axe_p02_r06,Veilron Stoic Axe,http://darkfallunholywars.info/wp-content/themes/darkfalluw/data/icons/veilron_stoic_axe.png,Weaponsmithing Mastery,25,50,1,155,10,4,2,1 Veilron Ingot; 1 Selentine Wood,1 Veilron Stoic Axe: 155 Gold; 10 Iron Ingot; 4 Wood; 2 Leather; 1 Veilron Ingot; 1 Selentine Wood
r_Axe_p02_r07,Neithal Stoic Axe,http://darkfallunholywars.info/wp-content/themes/darkfalluw/data/icons/neithal_stoic_axe.png,Weaponsmithing Mastery,50,75,1,235,10,4,2,1 Neithal Ingot; 1 Veilron Wood,1 Neithal Stoic Axe: 235 Gold; 10 Iron Ingot; 4 Wood; 2 Leather; 1 Neithal Ingot; 1 Veilron Wood
r_Axe_p02_r08,Leenspar Stoic Axe,http://darkfallunholywars.info/wp-content/themes/darkfalluw/data/icons/leenspar_stoic_axe.png,Weaponsmithing Mastery,75,100,1,340,10,4,2,1 Leenspar Ingot; 1 Neithal Wood,1 Leenspar Stoic Axe: 340 Gold; 10 Iron Ingot; 4 Wood; 2 Leather; 1 Leenspar Ingot; 1 Neithal Wood
r_Axe_p02_r09,Theyril Stoic Axe,http://darkfallunholywars.info/wp-content/themes/darkfalluw/data/icons/theyril_stoic_axe.png,Weaponsmithing Mastery,100,125,1,475,10,4,2,1 Theyril Ingot; 1 Leenspar Wood; 1 Primal Gristle (Q5); 1 Hellforge Iron,1 Theyril Stoic Axe: 475 Gold; 10 Iron Ingot; 4 Wood; 2 Leather; 1 Theyril Ingot; 1 Leenspar Wood; 1 Primal Gristle (Q5); 1 Hellforge Iron
r_Club_p02_r01,Crude Stoic Club,http://darkfallunholywars.info/wp-content/themes/darkfalluw/data/icons/crude_stoic_club.png,Weaponsmithing,1,25,1,1,1,1,1,,1 Crude Stoic Club: 1 Gold; 1 Iron Ingot; 1 Wood; 1 Leather
r_Club_p02_r02,Common Stoic Club,http://darkfallunholywars.info/wp-content/themes/darkfalluw/data/icons/common_stoic_club.png,Weaponsmithing,25,50,1,8,3,2,1,,1 Common Stoic Club: 8 Gold; 3 Iron Ingot; 2 Wood; 1 Leather
r_Club_p02_r03,Sturdy Stoic Club,http://darkfallunholywars.info/wp-content/themes/darkfalluw/data/icons/sturdy_stoic_club.png,Weaponsmithing,50,75,1,25,5,3,1,,1 Sturdy Stoic Club: 25 Gold; 5 Iron Ingot; 3 Wood; 1 Leather
r_Club_p02_r04,Superior Stoic Club,http://darkfallunholywars.info/wp-content/themes/darkfalluw/data/icons/superior_stoic_club.png,Weaponsmithing,75,100,1,50,9,4,1,,1 Superior Stoic Club: 50 Gold; 9 Iron Ingot; 4 Wood; 1 Leather
r_Club_p02_r05,Selentine Stoic Club,http://darkfallunholywars.info/wp-content/themes/darkfalluw/data/icons/selentine_stoic_club.png,Weaponsmithing Mastery,1,25,1,95,12,4,2,1 Selentine Ingot; 1 Selentine Wood,1 Selentine Stoic Club: 95 Gold; 12 Iron Ingot; 4 Wood; 2 Leather; 1 Selentine Ingot; 1 Selentine Wood
r_Club_p02_r06,Veilron Stoic Club,http://darkfallunholywars.info/wp-content/themes/darkfalluw/data/icons/veilron_stoic_club.png,Weaponsmithing Mastery,25,50,1,155,12,4,2,1 Veilron Ingot; 1 Selentine Wood,1 Veilron Stoic Club: 155 Gold; 12 Iron Ingot; 4 Wood; 2 Leather; 1 Veilron Ingot; 1 Selentine Wood
r_Club_p02_r07,Neithal Stoic Club,http://darkfallunholywars.info/wp-content/themes/darkfalluw/data/icons/neithal_stoic_club.png,Weaponsmithing Mastery,50,75,1,235,12,4,2,1 Neithal Ingot; 1 Veilron Wood,1 Neithal Stoic Club: 235 Gold; 12 Iron Ingot; 4 Wood; 2 Leather; 1 Neithal Ingot; 1 Veilron Wood
r_Club_p02_r08,Leenspar Stoic Club,http://darkfallunholywars.info/wp-content/themes/darkfalluw/data/icons/leenspar_stoic_club.png,Weaponsmithing Mastery,75,100,1,340,12,4,2,1 Leenspar Ingot; 1 Neithal Wood,1 Leenspar Stoic Club: 340 Gold; 12 Iron Ingot; 4 Wood; 2 Leather; 1 Leenspar Ingot; 1 Neithal Wood
r_Club_p02_r09,Theyril Stoic Club,http://darkfallunholywars.info/wp-content/themes/darkfalluw/data/icons/theyril_stoic_club.png,Weaponsmithing Mastery,100,125,1,475,12,4,2,1 Theyril Ingot; 1 Leenspar Wood; 1 Primal Gristle (Q5); 1 Hellforge Iron,1 Theyril Stoic Club: 475 Gold; 12 Iron Ingot; 4 Wood; 2 Leather; 1 Theyril Ingot; 1 Leenspar Wood; 1 Primal Gristle (Q5); 1 Hellforge Iron
r_Sword_p02_r01,Crude Stoic Sword,http://darkfallunholywars.info/wp-content/themes/darkfalluw/data/icons/crude_stoic_sword.png,Weaponsmithing,1,25,1,1,1,1,1,,1 Crude Stoic Sword: 1 Gold; 1 Iron Ingot; 1 Wood; 1 Leather
r_Sword_p02_r02,Common Stoic Sword,http://darkfallunholywars.info/wp-content/themes/darkfalluw/data/icons/common_stoic_sword.png,Weaponsmithing,25,50,1,8,2,1,1,,1 Common Stoic Sword: 8 Gold; 2 Iron Ingot; 1 Wood; 1 Leather
r_Sword_p02_r03,Sturdy Stoic Sword,http://darkfallunholywars.info/wp-content/themes/darkfalluw/data/icons/sturdy_stoic_sword.png,Weaponsmithing,50,75,1,25,4,1,1,,1 Sturdy Stoic Sword: 25 Gold; 4 Iron Ingot; 1 Wood; 1 Leather
r_Sword_p02_r04,Superior Stoic Sword,http://darkfallunholywars.info/wp-content/themes/darkfalluw/data/icons/superior_stoic_sword.png,Weaponsmithing,75,100,1,50,8,1,1,,1 Superior Stoic Sword: 50 Gold; 8 Iron Ingot; 1 Wood; 1 Leather
r_Sword_p02_r05,Selentine Stoic Sword,http://darkfallunholywars.info/wp-content/themes/darkfalluw/data/icons/selentine_stoic_sword.png,Weaponsmithing Mastery,1,25,1,95,10,2,2,1 Selentine Ingot; 1 Selentine Leather,1 Selentine Stoic Sword: 95 Gold; 10 Iron Ingot; 2 Wood; 2 Leather; 1 Selentine Ingot; 1 Selentine Leather
r_Sword_p02_r06,Veilron Stoic Sword,http://darkfallunholywars.info/wp-content/themes/darkfalluw/data/icons/veilron_stoic_sword.png,Weaponsmithing Mastery,25,50,1,155,10,2,2,1 Veilron Ingot; 1 Selentine Leather,1 Veilron Stoic Sword: 155 Gold; 10 Iron Ingot; 2 Wood; 2 Leather; 1 Veilron Ingot; 1 Selentine Leather
r_Sword_p02_r07,Neithal Stoic Sword,http://darkfallunholywars.info/wp-content/themes/darkfalluw/data/icons/neithal_stoic_sword.png,Weaponsmithing Mastery,50,75,1,235,10,2,2,1 Neithal Ingot; 1 Veilron Leather,1 Neithal Stoic Sword: 235 Gold; 10 Iron Ingot; 2 Wood; 2 Leather; 1 Neithal Ingot; 1 Veilron Leather
r_Sword_p02_r08,Leenspar Stoic Sword,http://darkfallunholywars.info/wp-content/themes/darkfalluw/data/icons/leenspar_stoic_sword.png,Weaponsmithing Mastery,75,100,1,340,10,2,2,1 Leenspar Ingot; 1 Neithal Leather,1 Leenspar Stoic Sword: 340 Gold; 10 Iron Ingot; 2 Wood; 2 Leather; 1 Leenspar Ingot; 1 Neithal Leather
r_Sword_p02_r09,Theyril Stoic Sword,http://darkfallunholywars.info/wp-content/themes/darkfalluw/data/icons/theyril_stoic_sword.png,Weaponsmithing Mastery,100,125,1,475,10,2,2,1 Theyril Ingot; 1 Leenspar Leather; 1 Primal Gristle (Q5); 1 Hellforge Iron,1 Theyril Stoic Sword: 475 Gold; 10 Iron Ingot; 2 Wood; 2 Leather; 1 Theyril Ingot; 1 Leenspar Leather; 1 Primal Gristle (Q5); 1 Hellforge Iron
r_Greataxe_p02_r01,Crude Stoic Greataxe,http://darkfallunholywars.info/wp-content/themes/darkfalluw/data/icons/crude_stoic_greataxe.png,Weaponsmithing,1,25,1,1,2,1,1,,1 Crude Stoic Greataxe: 1 Gold; 2 Iron Ingot; 1 Wood; 1 Leather
r_Greataxe_p02_r02,Common Stoic Greataxe,http://darkfallunholywars.info/wp-content/themes/darkfalluw/data/icons/common_stoic_greataxe.png,Weaponsmithing,25,50,1,8,4,3,2,,1 Common Stoic Greataxe: 8 Gold; 4 Iron Ingot; 3 Wood; 2 Leather
r_Greataxe_p02_r03,Sturdy Stoic Greataxe,http://darkfallunholywars.info/wp-content/themes/darkfalluw/data/icons/sturdy_stoic_greataxe.png,Weaponsmithing,50,75,1,25,8,5,2,,1 Sturdy Stoic Greataxe: 25 Gold; 8 Iron Ingot; 5 Wood; 2 Leather
r_Greataxe_p02_r04,Superior Stoic Greataxe,http://darkfallunholywars.info/wp-content/themes/darkfalluw/data/icons/superior_stoic_greataxe.png,Weaponsmithing,75,100,1,50,16,7,3,,1 Superior Stoic Greataxe: 50 Gold; 16 Iron Ingot; 7 Wood; 3 Leather
r_Greataxe_p02_r05,Selentine Stoic Greataxe,http://darkfallunholywars.info/wp-content/themes/darkfalluw/data/icons/selentine_stoic_greataxe.png,Weaponsmithing Mastery,1,25,1,95,30,9,4,2 Selentine Ingot; 2 Selentine Wood; 1 Selentine Leather,1 Selentine Stoic Greataxe: 95 Gold; 30 Iron Ingot; 9 Wood; 4 Leather; 2 Selentine Ingot; 2 Selentine Wood; 1 Selentine Leather
r_Greataxe_p02_r06,Veilron Stoic Greataxe,http://darkfallunholywars.info/wp-content/themes/darkfalluw/data/icons/veilron_stoic_greataxe.png,Weaponsmithing Mastery,25,50,1,155,30,9,4,2 Veilron Ingot; 2 Selentine Wood; 1 Selentine Leather,1 Veilron Stoic Greataxe: 155 Gold; 30 Iron Ingot; 9 Wood; 4 Leather; 2 Veilron Ingot; 2 Selentine Wood; 1 Selentine Leather
r_Greataxe_p02_r07,Neithal Stoic Greataxe,http://darkfallunholywars.info/wp-content/themes/darkfalluw/data/icons/neithal_stoic_greataxe.png,Weaponsmithing Mastery,50,75,1,235,30,9,4,2 Neithal Ingot; 2 Veilron Wood; 1 Veilron Leather,1 Neithal Stoic Greataxe: 235 Gold; 30 Iron Ingot; 9 Wood; 4 Leather; 2 Neithal Ingot; 2 Veilron Wood; 1 Veilron Leather
r_Greataxe_p02_r08,Leenspar Stoic Greataxe,http://darkfallunholywars.info/wp-content/themes/darkfalluw/data/icons/leenspar_stoic_greataxe.png,Weaponsmithing Mastery,75,100,1,340,30,9,4,2 Leenspar Ingot; 2 Neithal Wood; 1 Neithal Leather,1 Leenspar Stoic Greataxe: 340 Gold; 30 Iron Ingot; 9 Wood; 4 Leather; 2 Leenspar Ingot; 2 Neithal Wood; 1 Neithal Leather
r_Greataxe_p02_r09,Theyril Stoic Greataxe,http://darkfallunholywars.info/wp-content/themes/darkfalluw/data/icons/theyril_stoic_greataxe.png,Weaponsmithing Mastery,100,125,1,475,30,9,4,2 Theyril Ingot; 2 Leenspar Wood; 1 Leenspar Leather; 1 Primal Gristle (Q5); 1 Primal Anima (Q5); 1 Hellforge Iron,1 Theyril Stoic Greataxe: 475 Gold; 30 Iron Ingot; 9 Wood; 4 Leather; 2 Theyril Ingot; 2 Leenspar Wood; 1 Leenspar Leather; 1 Primal Gristle (Q5); 1 Primal Anima (Q5); 1 Hellforge Iron
r_Greatclub_p02_r01,Crude Stoic Greatclub,http://darkfallunholywars.info/wp-content/themes/darkfalluw/data/icons/crude_stoic_greatclub.png,Weaponsmithing,1,25,1,1,2,1,1,,1 Crude Stoic Greatclub: 1 Gold; 2 Iron Ingot; 1 Wood; 1 Leather
r_Greatclub_p02_r02,Common Stoic Greatclub,http://darkfallunholywars.info/wp-content/themes/darkfalluw/data/icons/common_stoic_greatclub.png,Weaponsmithing,25,50,1,8,5,3,2,,1 Common Stoic Greatclub: 8 Gold; 5 Iron Ingot; 3 Wood; 2 Leather
r_Greatclub_p02_r03,Sturdy Stoic Greatclub,http://darkfallunholywars.info/wp-content/themes/darkfalluw/data/icons/sturdy_stoic_greatclub.png,Weaponsmithing,50,75,1,25,9,5,2,,1 Sturdy Stoic Greatclub: 25 Gold; 9 Iron Ingot; 5 Wood; 2 Leather
r_Greatclub_p02_r04,Superior Stoic Greatclub,http://darkfallunholywars.info/wp-content/themes/darkfalluw/data/icons/superior_stoic_greatclub.png,Weaponsmithing,75,100,1,50,18,7,3,,1 Superior Stoic Greatclub: 50 Gold; 18 Iron Ingot; 7 Wood; 3 Leather
r_Greatclub_p02_r05,Selentine Stoic Greatclub,http://darkfallunholywars.info/wp-content/themes/darkfalluw/data/icons/selentine_stoic_greatclub.png,Weaponsmithing Mastery,1,25,1,95,32,9,4,2 Selentine Ingot; 2 Selentine Wood; 1 Selentine Leather,1 Selentine Stoic Greatclub: 95 Gold; 32 Iron Ingot; 9 Wood; 4 Leather; 2 Selentine Ingot; 2 Selentine Wood; 1 Selentine Leather
r_Greatclub_p02_r06,Veilron Stoic Greatclub,http://darkfallunholywars.info/wp-content/themes/darkfalluw/data/icons/veilron_stoic_greatclub.png,Weaponsmithing Mastery,25,50,1,155,32,9,4,2 Veilron Ingot; 2 Selentine Wood; 1 Selentine Leather,1 Veilron Stoic Greatclub: 155 Gold; 32 Iron Ingot; 9 Wood; 4 Leather; 2 Veilron Ingot; 2 Selentine Wood; 1 Selentine Leather
r_Greatclub_p02_r07,Neithal Stoic Greatclub,http://darkfallunholywars.info/wp-content/themes/darkfalluw/data/icons/neithal_stoic_greatclub.png,Weaponsmithing Mastery,50,75,1,235,32,9,4,2 Neithal Ingot; 2 Veilron Wood; 1 Veilron Leather,1 Neithal Stoic Greatclub: 235 Gold; 32 Iron Ingot; 9 Wood; 4 Leather; 2 Neithal Ingot; 2 Veilron Wood; 1 Veilron Leather
r_Greatclub_p02_r08,Leenspar Stoic Greatclub,http://darkfallunholywars.info/wp-content/themes/darkfalluw/data/icons/leenspar_stoic_greatclub.png,Weaponsmithing Mastery,75,100,1,340,32,9,4,2 Leenspar Ingot; 2 Neithal Wood; 1 Neithal Leather,1 Leenspar Stoic Greatclub: 340 Gold; 32 Iron Ingot; 9 Wood; 4 Leather; 2 Leenspar Ingot; 2 Neithal Wood; 1 Neithal Leather
r_Greatclub_p02_r09,Theyril Stoic Greatclub,http://darkfallunholywars.info/wp-content/themes/darkfalluw/data/icons/theyril_stoic_greatclub.png,Weaponsmithing Mastery,100,125,1,475,32,9,4,2 Theyril Ingot; 2 Leenspar Wood; 1 Leenspar Leather; 1 Primal Gristle (Q5); 1 Primal Anima (Q5); 1 Hellforge Iron,1 Theyril Stoic Greatclub: 475 Gold; 32 Iron Ingot; 9 Wood; 4 Leather; 2 Theyril Ingot; 2 Leenspar Wood; 1 Leenspar Leather; 1 Primal Gristle (Q5); 1 Primal Anima (Q5); 1 Hellforge Iron
r_Greatsword_p02_r01,Crude Stoic Greatsword,http://darkfallunholywars.info/wp-content/themes/darkfalluw/data/icons/crude_stoic_greatsword.png,Weaponsmithing,1,25,1,1,2,1,1,,1 Crude Stoic Greatsword: 1 Gold; 2 Iron Ingot; 1 Wood; 1 Leather
r_Greatsword_p02_r02,Common Stoic Greatsword,http://darkfallunholywars.info/wp-content/themes/darkfalluw/data/icons/common_stoic_greatsword.png,Weaponsmithing,25,50,1,8,4,1,1,,1 Common Stoic Greatsword: 8 Gold; 4 Iron Ingot; 1 Wood; 1 Leather
r_Greatsword_p02_r03,Sturdy Stoic Greatsword,http://darkfallunholywars.info/wp-content/themes/darkfalluw/data/icons/sturdy_stoic_greatsword.png,Weaponsmithing,50,75,1,25,8,2,1,,1 Sturdy Stoic Greatsword: 25 Gold; 8 Iron Ingot; 2 Wood; 1 Leather
r_Greatsword_p02_r04,Superior Stoic Greatsword,http://darkfallunholywars.info/wp-content/themes/darkfalluw/data/icons/superior_stoic_greatsword.png,Weaponsmithing,75,100,1,50,16,2,1,,1 Superior Stoic Greatsword: 50 Gold; 16 Iron Ingot; 2 Wood; 1 Leather
r_Greatsword_p02_r05,Selentine Stoic Greatsword,http://darkfallunholywars.info/wp-content/themes/darkfalluw/data/icons/selentine_stoic_greatsword.png,Weaponsmithing Mastery,1,25,1,95,30,3,2,2 Selentine Ingot; 2 Selentine Leather; 1 Selentine Wood,1 Selentine Stoic Greatsword: 95 Gold; 30 Iron Ingot; 3 Wood; 2 Leather; 2 Selentine Ingot; 2 Selentine Leather; 1 Selentine Wood
r_Greatsword_p02_r06,Veilron Stoic Greatsword,http://darkfallunholywars.info/wp-content/themes/darkfalluw/data/icons/veilron_stoic_greatsword.png,Weaponsmithing Mastery,25,50,1,155,30,3,2,2 Veilron Ingot; 2 Selentine Leather; 1 Selentine Wood,1 Veilron Stoic Greatsword: 155 Gold; 30 Iron Ingot; 3 Wood; 2 Leather; 2 Veilron Ingot; 2 Selentine Leather; 1 Selentine Wood
r_Greatsword_p02_r07,Neithal Stoic Greatsword,http://darkfallunholywars.info/wp-content/themes/darkfalluw/data/icons/neithal_stoic_greatsword.png,Weaponsmithing Mastery,50,75,1,235,30,3,2,2 Neithal Ingot; 2 Veilron Leather; 1 Veilron Wood,1 Neithal Stoic Greatsword: 235 Gold; 30 Iron Ingot; 3 Wood; 2 Leather; 2 Neithal Ingot; 2 Veilron Leather; 1 Veilron Wood
r_Greatsword_p02_r08,Leenspar Stoic Greatsword,http://darkfallunholywars.info/wp-content/themes/darkfalluw/data/icons/leenspar_stoic_greatsword.png,Weaponsmithing Mastery,75,100,1,340,30,3,2,2 Leenspar Ingot; 2 Neithal Leather; 1 Neithal Wood,1 Leenspar Stoic Greatsword: 340 Gold; 30 Iron Ingot; 3 Wood; 2 Leather; 2 Leenspar Ingot; 2 Neithal Leather; 1 Neithal Wood
r_Greatsword_p02_r09,Theyril Stoic Greatsword,http://darkfallunholywars.info/wp-content/themes/darkfalluw/data/icons/theyril_stoic_greatsword.png,Weaponsmithing Mastery,100,125,1,475,30,3,2,2 Theyril Ingot; 2 Leenspar Leather; 1 Leenspar Wood; 1 Primal Gristle (Q5); 1 Primal Anima (Q5); 1 Hellforge Iron,1 Theyril Stoic Greatsword: 475 Gold; 30 Iron Ingot; 3 Wood; 2 Leather; 2 Theyril Ingot; 2 Leenspar Leather; 1 Leenspar Wood; 1 Primal Gristle (Q5); 1 Primal Anima (Q5); 1 Hellforge Iron
r_Knives_p02_r01,Crude Stoic Daggers,http://darkfallunholywars.info/wp-content/themes/darkfalluw/data/icons/crude_stoic_knives.png,Weaponsmithing,1,25,1,1,2,1,1,,1 Crude Stoic Daggers: 1 Gold; 2 Iron Ingot; 1 Wood; 1 Leather
r_Knives_p02_r02,Common Stoic Daggers,http://darkfallunholywars.info/wp-content/themes/darkfalluw/data/icons/common_stoic_knives.png,Weaponsmithing,25,50,1,8,4,1,1,,1 Common Stoic Daggers: 8 Gold; 4 Iron Ingot; 1 Wood; 1 Leather
r_Knives_p02_r03,Sturdy Stoic Daggers,http://darkfallunholywars.info/wp-content/themes/darkfalluw/data/icons/sturdy_stoic_knives.png,Weaponsmithing,50,75,1,25,8,1,1,,1 Sturdy Stoic Daggers: 25 Gold; 8 Iron Ingot; 1 Wood; 1 Leather
r_Knives_p02_r04,Superior Stoic Daggers,http://darkfallunholywars.info/wp-content/themes/darkfalluw/data/icons/superior_stoic_knives.png,Weaponsmithing,75,100,1,50,16,1,1,,1 Superior Stoic Daggers: 50 Gold; 16 Iron Ingot; 1 Wood; 1 Leather
r_Knives_p02_r05,Selentine Stoic Daggers,http://darkfallunholywars.info/wp-content/themes/darkfalluw/data/icons/selentine_stoic_knives.png,Weaponsmithing Mastery,1,25,1,95,25,2,2,2 Selentine Ingot; 2 Selentine Leather; 1 Selentine Wood,1 Selentine Stoic Daggers: 95 Gold; 25 Iron Ingot; 2 Wood; 2 Leather; 2 Selentine Ingot; 2 Selentine Leather; 1 Selentine Wood
r_Knives_p02_r06,Veilron Stoic Daggers,http://darkfallunholywars.info/wp-content/themes/darkfalluw/data/icons/veilron_stoic_knives.png,Weaponsmithing Mastery,25,50,1,155,25,2,2,2 Veilron Ingot; 2 Selentine Leather; 1 Selentine Wood,1 Veilron Stoic Daggers: 155 Gold; 25 Iron Ingot; 2 Wood; 2 Leather; 2 Veilron Ingot; 2 Selentine Leather; 1 Selentine Wood
r_Knives_p02_r07,Neithal Stoic Daggers,http://darkfallunholywars.info/wp-content/themes/darkfalluw/data/icons/neithal_stoic_knives.png,Weaponsmithing Mastery,50,75,1,235,25,2,2,2 Neithal Ingot; 2 Veilron Leather; 1 Veilron Wood,1 Neithal Stoic Daggers: 235 Gold; 25 Iron Ingot; 2 Wood; 2 Leather; 2 Neithal Ingot; 2 Veilron Leather; 1 Veilron Wood
r_Knives_p02_r08,Leenspar Stoic Daggers,http://darkfallunholywars.info/wp-content/themes/darkfalluw/data/icons/leenspar_stoic_knives.png,Weaponsmithing Mastery,75,100,1,340,25,2,2,2 Leenspar Ingot; 2 Neithal Leather; 1 Neithal Wood,1 Leenspar Stoic Daggers: 340 Gold; 25 Iron Ingot; 2 Wood; 2 Leather; 2 Leenspar Ingot; 2 Neithal Leather; 1 Neithal Wood
r_Knives_p02_r09,Theyril Stoic Daggers,http://darkfallunholywars.info/wp-content/themes/darkfalluw/data/icons/theyril_stoic_knives.png,Weaponsmithing Mastery,100,125,1,475,25,2,2,2 Theyril Ingot; 2 Leenspar Leather; 1 Leenspar Wood; 1 Primal Gristle (Q5); 1 Primal Anima (Q5); 1 Hellforge Iron,1 Theyril Stoic Daggers: 475 Gold; 25 Iron Ingot; 2 Wood; 2 Leather; 2 Theyril Ingot; 2 Leenspar Leather; 1 Leenspar Wood; 1 Primal Gristle (Q5); 1 Primal Anima (Q5); 1 Hellforge Iron
r_Polearm_p02_r01,Crude Stoic Polearm,http://darkfallunholywars.info/wp-content/themes/darkfalluw/data/icons/crude_stoic_polearm.png,Weaponsmithing,1,25,1,1,2,1,1,,1 Crude Stoic Polearm: 1 Gold; 2 Iron Ingot; 1 Wood; 1 Leather
r_Polearm_p02_r02,Common Stoic Polearm,http://darkfallunholywars.info/wp-content/themes/darkfalluw/data/icons/common_stoic_polearm.png,Weaponsmithing,25,50,1,8,5,3,1,,1 Common Stoic Polearm: 8 Gold; 5 Iron Ingot; 3 Wood; 1 Leather
r_Polearm_p02_r03,Sturdy Stoic Polearm,http://darkfallunholywars.info/wp-content/themes/darkfalluw/data/icons/sturdy_stoic_polearm.png,Weaponsmithing,50,75,1,25,10,5,2,,1 Sturdy Stoic Polearm: 25 Gold; 10 Iron Ingot; 5 Wood; 2 Leather
r_Polearm_p02_r04,Superior Stoic Polearm,http://darkfallunholywars.info/wp-content/themes/darkfalluw/data/icons/superior_stoic_polearm.png,Weaponsmithing,75,100,1,50,20,8,4,,1 Superior Stoic Polearm: 50 Gold; 20 Iron Ingot; 8 Wood; 4 Leather
r_Polearm_p02_r05,Selentine Stoic Polearm,http://darkfallunholywars.info/wp-content/themes/darkfalluw/data/icons/selentine_stoic_polearm.png,Weaponsmithing Mastery,1,25,1,95,34,10,5,2 Selentine Ingot; 2 Selentine Wood; 1 Selentine Leather,1 Selentine Stoic Polearm: 95 Gold; 34 Iron Ingot; 10 Wood; 5 Leather; 2 Selentine Ingot; 2 Selentine Wood; 1 Selentine Leather
r_Polearm_p02_r06,Veilron Stoic Polearm,http://darkfallunholywars.info/wp-content/themes/darkfalluw/data/icons/veilron_stoic_polearm.png,Weaponsmithing Mastery,25,50,1,155,34,10,5,2 Veilron Ingot; 2 Selentine Wood; 1 Selentine Leather,1 Veilron Stoic Polearm: 155 Gold; 34 Iron Ingot; 10 Wood; 5 Leather; 2 Veilron Ingot; 2 Selentine Wood; 1 Selentine Leather
r_Polearm_p02_r07,Neithal Stoic Polearm,http://darkfallunholywars.info/wp-content/themes/darkfalluw/data/icons/neithal_stoic_polearm.png,Weaponsmithing Mastery,50,75,1,235,34,10,5,2 Neithal Ingot; 2 Veilron Wood; 1 Veilron Leather,1 Neithal Stoic Polearm: 235 Gold; 34 Iron Ingot; 10 Wood; 5 Leather; 2 Neithal Ingot; 2 Veilron Wood; 1 Veilron Leather
r_Polearm_p02_r08,Leenspar Stoic Polearm,http://darkfallunholywars.info/wp-content/themes/darkfalluw/data/icons/leenspar_stoic_polearm.png,Weaponsmithing Mastery,75,100,1,340,34,10,5,2 Leenspar Ingot; 2 Neithal Wood; 1 Neithal Leather,1 Leenspar Stoic Polearm: 340 Gold; 34 Iron Ingot; 10 Wood; 5 Leather; 2 Leenspar Ingot; 2 Neithal Wood; 1 Neithal Leather
r_Polearm_p02_r09,Theyril Stoic Polearm,http://darkfallunholywars.info/wp-content/themes/darkfalluw/data/icons/theyril_stoic_polearm.png,Weaponsmithing Mastery,100,125,1,475,34,10,5,2 Theyril Ingot; 2 Leenspar Wood; 1 Leenspar Leather; 1 Primal Gristle (Q5); 1 Primal Anima (Q5); 1 Hellforge Iron,1 Theyril Stoic Polearm: 475 Gold; 34 Iron Ingot; 10 Wood; 5 Leather; 2 Theyril Ingot; 2 Leenspar Wood; 1 Leenspar Leather; 1 Primal Gristle (Q5); 1 Primal Anima (Q5); 1 Hellforge Iron
r_Axe_p03_r01,Crude Barbaric Axe,http://darkfallunholywars.info/wp-content/themes/darkfalluw/data/icons/crude_barbaric_axe.png,Weaponsmithing,1,25,1,1,1,1,1,,1 Crude Barbaric Axe: 1 Gold; 1 Iron Ingot; 1 Wood; 1 Leather
r_Axe_p03_r02,Common Barbaric Axe,http://darkfallunholywars.info/wp-content/themes/darkfalluw/data/icons/common_barbaric_axe.png,Weaponsmithing,25,50,1,8,2,2,1,,1 Common Barbaric Axe: 8 Gold; 2 Iron Ingot; 2 Wood; 1 Leather
r_Axe_p03_r03,Sturdy Barbaric Axe,http://darkfallunholywars.info/wp-content/themes/darkfalluw/data/icons/sturdy_barbaric_axe.png,Weaponsmithing,50,75,1,25,4,3,1,,1 Sturdy Barbaric Axe: 25 Gold; 4 Iron Ingot; 3 Wood; 1 Leather
r_Axe_p03_r04,Superior Barbaric Axe,http://darkfallunholywars.info/wp-content/themes/darkfalluw/data/icons/superior_barbaric_axe.png,Weaponsmithing,75,100,1,50,8,4,1,,1 Superior Barbaric Axe: 50 Gold; 8 Iron Ingot; 4 Wood; 1 Leather
r_Axe_p03_r05,Selentine Barbaric Axe,http://darkfallunholywars.info/wp-content/themes/darkfalluw/data/icons/selentine_barbaric_axe.png,Weaponsmithing Mastery,1,25,1,95,10,4,2,1 Selentine Ingot; 1 Selentine Wood,1 Selentine Barbaric Axe: 95 Gold; 10 Iron Ingot; 4 Wood; 2 Leather; 1 Selentine Ingot; 1 Selentine Wood
r_Axe_p03_r06,Veilron Barbaric Axe,http://darkfallunholywars.info/wp-content/themes/darkfalluw/data/icons/veilron_barbaric_axe.png,Weaponsmithing Mastery,25,50,1,155,10,4,2,1 Veilron Ingot; 1 Selentine Wood,1 Veilron Barbaric Axe: 155 Gold; 10 Iron Ingot; 4 Wood; 2 Leather; 1 Veilron Ingot; 1 Selentine Wood
r_Axe_p03_r07,Neithal Barbaric Axe,http://darkfallunholywars.info/wp-content/themes/darkfalluw/data/icons/neithal_barbaric_axe.png,Weaponsmithing Mastery,50,75,1,235,10,4,2,1 Neithal Ingot; 1 Veilron Wood,1 Neithal Barbaric Axe: 235 Gold; 10 Iron Ingot; 4 Wood; 2 Leather; 1 Neithal Ingot; 1 Veilron Wood
r_Axe_p03_r08,Leenspar Barbaric Axe,http://darkfallunholywars.info/wp-content/themes/darkfalluw/data/icons/leenspar_barbaric_axe.png,Weaponsmithing Mastery,75,100,1,340,10,4,2,1 Leenspar Ingot; 1 Neithal Wood,1 Leenspar Barbaric Axe: 340 Gold; 10 Iron Ingot; 4 Wood; 2 Leather; 1 Leenspar Ingot; 1 Neithal Wood
r_Axe_p03_r09,Theyril Barbaric Axe,http://darkfallunholywars.info/wp-content/themes/darkfalluw/data/icons/theyril_barbaric_axe.png,Weaponsmithing Mastery,100,125,1,475,10,4,2,1 Theyril Ingot; 1 Leenspar Wood; 1 Primal Gristle (Q5); 1 Hellforge Iron,1 Theyril Barbaric Axe: 475 Gold; 10 Iron Ingot; 4 Wood; 2 Leather; 1 Theyril Ingot; 1 Leenspar Wood; 1 Primal Gristle (Q5); 1 Hellforge Iron
r_Club_p03_r01,Crude Barbaric Club,http://darkfallunholywars.info/wp-content/themes/darkfalluw/data/icons/crude_barbaric_club.png,Weaponsmithing,1,25,1,1,1,1,1,,1 Crude Barbaric Club: 1 Gold; 1 Iron Ingot; 1 Wood; 1 Leather
r_Club_p03_r02,Common Barbaric Club,http://darkfallunholywars.info/wp-content/themes/darkfalluw/data/icons/common_barbaric_club.png,Weaponsmithing,25,50,1,8,3,2,1,,1 Common Barbaric Club: 8 Gold; 3 Iron Ingot; 2 Wood; 1 Leather
r_Club_p03_r03,Sturdy Barbaric Club,http://darkfallunholywars.info/wp-content/themes/darkfalluw/data/icons/sturdy_barbaric_club.png,Weaponsmithing,50,75,1,25,5,3,1,,1 Sturdy Barbaric Club: 25 Gold; 5 Iron Ingot; 3 Wood; 1 Leather
r_Club_p03_r04,Superior Barbaric Club,http://darkfallunholywars.info/wp-content/themes/darkfalluw/data/icons/superior_barbaric_club.png,Weaponsmithing,75,100,1,50,9,4,1,,1 Superior Barbaric Club: 50 Gold; 9 Iron Ingot; 4 Wood; 1 Leather
r_Club_p03_r05,Selentine Barbaric Club,http://darkfallunholywars.info/wp-content/themes/darkfalluw/data/icons/selentine_barbaric_club.png,Weaponsmithing Mastery,1,25,1,95,12,4,2,1 Selentine Ingot; 1 Selentine Wood,1 Selentine Barbaric Club: 95 Gold; 12 Iron Ingot; 4 Wood; 2 Leather; 1 Selentine Ingot; 1 Selentine Wood
r_Club_p03_r06,Veilron Barbaric Club,http://darkfallunholywars.info/wp-content/themes/darkfalluw/data/icons/veilron_barbaric_club.png,Weaponsmithing Mastery,25,50,1,155,12,4,2,1 Veilron Ingot; 1 Selentine Wood,1 Veilron Barbaric Club: 155 Gold; 12 Iron Ingot; 4 Wood; 2 Leather; 1 Veilron Ingot; 1 Selentine Wood
r_Club_p03_r07,Neithal Barbaric Club,http://darkfallunholywars.info/wp-content/themes/darkfalluw/data/icons/neithal_barbaric_club.png,Weaponsmithing Mastery,50,75,1,235,12,4,2,1 Neithal Ingot; 1 Veilron Wood,1 Neithal Barbaric Club: 235 Gold; 12 Iron Ingot; 4 Wood; 2 Leather; 1 Neithal Ingot; 1 Veilron Wood
r_Club_p03_r08,Leenspar Barbaric Club,http://darkfallunholywars.info/wp-content/themes/darkfalluw/data/icons/leenspar_barbaric_club.png,Weaponsmithing Mastery,75,100,1,340,12,4,2,1 Leenspar Ingot; 1 Neithal Wood,1 Leenspar Barbaric Club: 340 Gold; 12 Iron Ingot; 4 Wood; 2 Leather; 1 Leenspar Ingot; 1 Neithal Wood
r_Club_p03_r09,Theyril Barbaric Club,http://darkfallunholywars.info/wp-content/themes/darkfalluw/data/icons/theyril_barbaric_club.png,Weaponsmithing Mastery,100,125,1,475,12,4,2,1 Theyril Ingot; 1 Leenspar Wood; 1 Primal Gristle (Q5); 1 Hellforge Iron,1 Theyril Barbaric Club: 475 Gold; 12 Iron Ingot; 4 Wood; 2 Leather; 1 Theyril Ingot; 1 Leenspar Wood; 1 Primal Gristle (Q5); 1 Hellforge Iron
r_Sword_p03_r01,Crude Barbaric Sword,http://darkfallunholywars.info/wp-content/themes/darkfalluw/data/icons/crude_barbaric_sword.png,Weaponsmithing,1,25,1,1,1,1,1,,1 Crude Barbaric Sword: 1 Gold; 1 Iron Ingot; 1 Wood; 1 Leather
r_Sword_p03_r02,Common Barbaric Sword,http://darkfallunholywars.info/wp-content/themes/darkfalluw/data/icons/common_barbaric_sword.png,Weaponsmithing,25,50,1,8,2,1,1,,1 Common Barbaric Sword: 8 Gold; 2 Iron Ingot; 1 Wood; 1 Leather
r_Sword_p03_r03,Sturdy Barbaric Sword,http://darkfallunholywars.info/wp-content/themes/darkfalluw/data/icons/sturdy_barbaric_sword.png,Weaponsmithing,50,75,1,25,4,1,1,,1 Sturdy Barbaric Sword: 25 Gold; 4 Iron Ingot; 1 Wood; 1 Leather
r_Sword_p03_r04,Superior Barbaric Sword,http://darkfallunholywars.info/wp-content/themes/darkfalluw/data/icons/superior_barbaric_sword.png,Weaponsmithing,75,100,1,50,8,1,1,,1 Superior Barbaric Sword: 50 Gold; 8 Iron Ingot; 1 Wood; 1 Leather
r_Sword_p03_r05,Selentine Barbaric Sword,http://darkfallunholywars.info/wp-content/themes/darkfalluw/data/icons/selentine_barbaric_sword.png,Weaponsmithing Mastery,1,25,1,95,10,2,2,1 Selentine Ingot; 1 Selentine Leather,1 Selentine Barbaric Sword: 95 Gold; 10 Iron Ingot; 2 Wood; 2 Leather; 1 Selentine Ingot; 1 Selentine Leather
r_Sword_p03_r06,Veilron Barbaric Sword,http://darkfallunholywars.info/wp-content/themes/darkfalluw/data/icons/veilron_barbaric_sword.png,Weaponsmithing Mastery,25,50,1,155,10,2,2,1 Veilron Ingot; 1 Selentine Leather,1 Veilron Barbaric Sword: 155 Gold; 10 Iron Ingot; 2 Wood; 2 Leather; 1 Veilron Ingot; 1 Selentine Leather
r_Sword_p03_r07,Neithal Barbaric Sword,http://darkfallunholywars.info/wp-content/themes/darkfalluw/data/icons/neithal_barbaric_sword.png,Weaponsmithing Mastery,50,75,1,235,10,2,2,1 Neithal Ingot; 1 Veilron Leather,1 Neithal Barbaric Sword: 235 Gold; 10 Iron Ingot; 2 Wood; 2 Leather; 1 Neithal Ingot; 1 Veilron Leather
r_Sword_p03_r08,Leenspar Barbaric Sword,http://darkfallunholywars.info/wp-content/themes/darkfalluw/data/icons/leenspar_barbaric_sword.png,Weaponsmithing Mastery,75,100,1,340,10,2,2,1 Leenspar Ingot; 1 Neithal Leather,1 Leenspar Barbaric Sword: 340 Gold; 10 Iron Ingot; 2 Wood; 2 Leather; 1 Leenspar Ingot; 1 Neithal Leather
r_Sword_p03_r09,Theyril Barbaric Sword,http://darkfallunholywars.info/wp-content/themes/darkfalluw/data/icons/theyril_barbaric_sword.png,Weaponsmithing Mastery,100,125,1,475,10,2,2,1 Theyril Ingot; 1 Leenspar Leather; 1 Primal Gristle (Q5); 1 Hellforge Iron,1 Theyril Barbaric Sword: 475 Gold; 10 Iron Ingot; 2 Wood; 2 Leather; 1 Theyril Ingot; 1 Leenspar Leather; 1 Primal Gristle (Q5); 1 Hellforge Iron
r_Greataxe_p03_r01,Crude Barbaric Greataxe,http://darkfallunholywars.info/wp-content/themes/darkfalluw/data/icons/crude_barbaric_greataxe.png,Weaponsmithing,1,25,1,1,2,1,1,,1 Crude Barbaric Greataxe: 1 Gold; 2 Iron Ingot; 1 Wood; 1 Leather
r_Greataxe_p03_r02,Common Barbaric Greataxe,http://darkfallunholywars.info/wp-content/themes/darkfalluw/data/icons/common_barbaric_greataxe.png,Weaponsmithing,25,50,1,8,4,3,2,,1 Common Barbaric Greataxe: 8 Gold; 4 Iron Ingot; 3 Wood; 2 Leather
r_Greataxe_p03_r03,Sturdy Barbaric Greataxe,http://darkfallunholywars.info/wp-content/themes/darkfalluw/data/icons/sturdy_barbaric_greataxe.png,Weaponsmithing,50,75,1,25,8,5,2,,1 Sturdy Barbaric Greataxe: 25 Gold; 8 Iron Ingot; 5 Wood; 2 Leather
r_Greataxe_p03_r04,Superior Barbaric Greataxe,http://darkfallunholywars.info/wp-content/themes/darkfalluw/data/icons/superior_barbaric_greataxe.png,Weaponsmithing,75,100,1,50,16,7,3,,1 Superior Barbaric Greataxe: 50 Gold; 16 Iron Ingot; 7 Wood; 3 Leather
r_Greataxe_p03_r05,Selentine Barbaric Greataxe,http://darkfallunholywars.info/wp-content/themes/darkfalluw/data/icons/selentine_barbaric_greataxe.png,Weaponsmithing Mastery,1,25,1,95,30,9,4,2 Selentine Ingot; 2 Selentine Wood; 1 Selentine Leather,1 Selentine Barbaric Greataxe: 95 Gold; 30 Iron Ingot; 9 Wood; 4 Leather; 2 Selentine Ingot; 2 Selentine Wood; 1 Selentine Leather
r_Greataxe_p03_r06,Veilron Barbaric Greataxe,http://darkfallunholywars.info/wp-content/themes/darkfalluw/data/icons/veilron_barbaric_greataxe.png,Weaponsmithing Mastery,25,50,1,155,30,9,4,2 Veilron Ingot; 2 Selentine Wood; 1 Selentine Leather,1 Veilron Barbaric Greataxe: 155 Gold; 30 Iron Ingot; 9 Wood; 4 Leather; 2 Veilron Ingot; 2 Selentine Wood; 1 Selentine Leather
r_Greataxe_p03_r07,Neithal Barbaric Greataxe,http://darkfallunholywars.info/wp-content/themes/darkfalluw/data/icons/neithal_barbaric_greataxe.png,Weaponsmithing Mastery,50,75,1,235,30,9,4,2 Neithal Ingot; 2 Veilron Wood; 1 Veilron Leather,1 Neithal Barbaric Greataxe: 235 Gold; 30 Iron Ingot; 9 Wood; 4 Leather; 2 Neithal Ingot; 2 Veilron Wood; 1 Veilron Leather
r_Greataxe_p03_r08,Leenspar Barbaric Greataxe,http://darkfallunholywars.info/wp-content/themes/darkfalluw/data/icons/leenspar_barbaric_greataxe.png,Weaponsmithing Mastery,75,100,1,340,30,9,4,2 Leenspar Ingot; 2 Neithal Wood; 1 Neithal Leather,1 Leenspar Barbaric Greataxe: 340 Gold; 30 Iron Ingot; 9 Wood; 4 Leather; 2 Leenspar Ingot; 2 Neithal Wood; 1 Neithal Leather
r_Greataxe_p03_r09,Theyril Barbaric Greataxe,http://darkfallunholywars.info/wp-content/themes/darkfalluw/data/icons/theyril_barbaric_greataxe.png,Weaponsmithing Mastery,100,125,1,475,30,9,4,2 Theyril Ingot; 2 Leenspar Wood; 1 Leenspar Leather; 1 Primal Gristle (Q5); 1 Primal Anima (Q5); 1 Hellforge Iron,1 Theyril Barbaric Greataxe: 475 Gold; 30 Iron Ingot; 9 Wood; 4 Leather; 2 Theyril Ingot; 2 Leenspar Wood; 1 Leenspar Leather; 1 Primal Gristle (Q5); 1 Primal Anima (Q5); 1 Hellforge Iron
r_Greatclub_p03_r01,Crude Barbaric Greatclub,http://darkfallunholywars.info/wp-content/themes/darkfalluw/data/icons/crude_barbaric_greatclub.png,Weaponsmithing,1,25,1,1,2,1,1,,1 Crude Barbaric Greatclub: 1 Gold; 2 Iron Ingot; 1 Wood; 1 Leather
r_Greatclub_p03_r02,Common Barbaric Greatclub,http://darkfallunholywars.info/wp-content/themes/darkfalluw/data/icons/common_barbaric_greatclub.png,Weaponsmithing,25,50,1,8,5,3,2,,1 Common Barbaric Greatclub: 8 Gold; 5 Iron Ingot; 3 Wood; 2 Leather
r_Greatclub_p03_r03,Sturdy Barbaric Greatclub,http://darkfallunholywars.info/wp-content/themes/darkfalluw/data/icons/sturdy_barbaric_greatclub.png,Weaponsmithing,50,75,1,25,9,5,2,,1 Sturdy Barbaric Greatclub: 25 Gold; 9 Iron Ingot; 5 Wood; 2 Leather
r_Greatclub_p03_r04,Superior Barbaric Greatclub,http://darkfallunholywars.info/wp-content/themes/darkfalluw/data/icons/superior_barbaric_greatclub.png,Weaponsmithing,75,100,1,50,18,7,3,,1 Superior Barbaric Greatclub: 50 Gold; 18 Iron Ingot; 7 Wood; 3 Leather
r_Greatclub_p03_r05,Selentine Barbaric Greatclub,http://darkfallunholywars.info/wp-content/themes/darkfalluw/data/icons/selentine_barbaric_greatclub.png,Weaponsmithing Mastery,1,25,1,95,32,9,4,2 Selentine Ingot; 2 Selentine Wood; 1 Selentine Leather,1 Selentine Barbaric Greatclub: 95 Gold; 32 Iron Ingot; 9 Wood; 4 Leather; 2 Selentine Ingot; 2 Selentine Wood; 1 Selentine Leather
r_Greatclub_p03_r06,Veilron Barbaric Greatclub,http://darkfallunholywars.info/wp-content/themes/darkfalluw/data/icons/veilron_barbaric_greatclub.png,Weaponsmithing Mastery,25,50,1,155,32,9,4,2 Veilron Ingot; 2 Selentine Wood; 1 Selentine Leather,1 Veilron Barbaric Greatclub: 155 Gold; 32 Iron Ingot; 9 Wood; 4 Leather; 2 Veilron Ingot; 2 Selentine Wood; 1 Selentine Leather
r_Greatclub_p03_r07,Neithal Barbaric Greatclub,http://darkfallunholywars.info/wp-content/themes/darkfalluw/data/icons/neithal_barbaric_greatclub.png,Weaponsmithing Mastery,50,75,1,235,32,9,4,2 Neithal Ingot; 2 Veilron Wood; 1 Veilron Leather,1 Neithal Barbaric Greatclub: 235 Gold; 32 Iron Ingot; 9 Wood; 4 Leather; 2 Neithal Ingot; 2 Veilron Wood; 1 Veilron Leather
r_Greatclub_p03_r08,Leenspar Barbaric Greatclub,http://darkfallunholywars.info/wp-content/themes/darkfalluw/data/icons/leenspar_barbaric_greatclub.png,Weaponsmithing Mastery,75,100,1,340,32,9,4,2 Leenspar Ingot; 2 Neithal Wood; 1 Neithal Leather,1 Leenspar Barbaric Greatclub: 340 Gold; 32 Iron Ingot; 9 Wood; 4 Leather; 2 Leenspar Ingot; 2 Neithal Wood; 1 Neithal Leather
r_Greatclub_p03_r09,Theyril Barbaric Greatclub,http://darkfallunholywars.info/wp-content/themes/darkfalluw/data/icons/theyril_barbaric_greatclub.png,Weaponsmithing Mastery,100,125,1,475,32,9,4,2 Theyril Ingot; 2 Leenspar Wood; 1 Leenspar Leather; 1 Primal Gristle (Q5); 1 Primal Anima (Q5); 1 Hellforge Iron,1 Theyril Barbaric Greatclub: 475 Gold; 32 Iron Ingot; 9 Wood; 4 Leather; 2 Theyril Ingot; 2 Leenspar Wood; 1 Leenspar Leather; 1 Primal Gristle (Q5); 1 Primal Anima (Q5); 1 Hellforge Iron
r_Greatsword_p03_r01,Crude Barbaric GreatSword,http://darkfallunholywars.info/wp-content/themes/darkfalluw/data/icons/crude_barbaric_greatsword.png,Weaponsmithing,1,25,1,1,2,1,1,,1 Crude Barbaric GreatSword: 1 Gold; 2 Iron Ingot; 1 Wood; 1 Leather
r_Greatsword_p03_r02,Common Barbaric GreatSword,http://darkfallunholywars.info/wp-content/themes/darkfalluw/data/icons/common_barbaric_greatsword.png,Weaponsmithing,25,50,1,8,4,1,1,,1 Common Barbaric GreatSword: 8 Gold; 4 Iron Ingot; 1 Wood; 1 Leather
r_Greatsword_p03_r03,Sturdy Barbaric GreatSword,http://darkfallunholywars.info/wp-content/themes/darkfalluw/data/icons/sturdy_barbaric_greatsword.png,Weaponsmithing,50,75,1,25,8,2,1,,1 Sturdy Barbaric GreatSword: 25 Gold; 8 Iron Ingot; 2 Wood; 1 Leather
r_Greatsword_p03_r04,Superior Barbaric GreatSword,http://darkfallunholywars.info/wp-content/themes/darkfalluw/data/icons/superior_barbaric_greatsword.png,Weaponsmithing,75,100,1,50,16,2,1,,1 Superior Barbaric GreatSword: 50 Gold; 16 Iron Ingot; 2 Wood; 1 Leather
r_Greatsword_p03_r05,Selentine Barbaric GreatSword,http://darkfallunholywars.info/wp-content/themes/darkfalluw/data/icons/selentine_barbaric_greatsword.png,Weaponsmithing Mastery,1,25,1,95,30,3,2,2 Selentine Ingot; 2 Selentine Leather; 1 Selentine Wood,1 Selentine Barbaric GreatSword: 95 Gold; 30 Iron Ingot; 3 Wood; 2 Leather; 2 Selentine Ingot; 2 Selentine Leather; 1 Selentine Wood
r_Greatsword_p03_r06,Veilron Barbaric GreatSword,http://darkfallunholywars.info/wp-content/themes/darkfalluw/data/icons/veilron_barbaric_greatsword.png,Weaponsmithing Mastery,25,50,1,155,30,3,2,2 Veilron Ingot; 2 Selentine Leather; 1 Selentine Wood,1 Veilron Barbaric GreatSword: 155 Gold; 30 Iron Ingot; 3 Wood; 2 Leather; 2 Veilron Ingot; 2 Selentine Leather; 1 Selentine Wood
r_Greatsword_p03_r07,Neithal Barbaric GreatSword,http://darkfallunholywars.info/wp-content/themes/darkfalluw/data/icons/neithal_barbaric_greatsword.png,Weaponsmithing Mastery,50,75,1,235,30,3,2,2 Neithal Ingot; 2 Veilron Leather; 1 Veilron Wood,1 Neithal Barbaric GreatSword: 235 Gold; 30 Iron Ingot; 3 Wood; 2 Leather; 2 Neithal Ingot; 2 Veilron Leather; 1 Veilron Wood
r_Greatsword_p03_r08,Leenspar Barbaric GreatSword,http://darkfallunholywars.info/wp-content/themes/darkfalluw/data/icons/leenspar_barbaric_greatsword.png,Weaponsmithing Mastery,75,100,1,340,30,3,2,2 Leenspar Ingot; 2 Neithal Leather; 1 Neithal Wood,1 Leenspar Barbaric GreatSword: 340 Gold; 30 Iron Ingot; 3 Wood; 2 Leather; 2 Leenspar Ingot; 2 Neithal Leather; 1 Neithal Wood
r_Greatsword_p03_r09,Theyril Barbaric GreatSword,http://darkfallunholywars.info/wp-content/themes/darkfalluw/data/icons/theyril_barbaric_greatsword.png,Weaponsmithing Mastery,100,125,1,475,30,3,2,2 Theyril Ingot; 2 Leenspar Leather; 1 Leenspar Wood; 1 Primal Gristle (Q5); 1 Primal Anima (Q5); 1 Hellforge Iron,1 Theyril Barbaric GreatSword: 475 Gold; 30 Iron Ingot; 3 Wood; 2 Leather; 2 Theyril Ingot; 2 Leenspar Leather; 1 Leenspar Wood; 1 Primal Gristle (Q5); 1 Primal Anima (Q5); 1 Hellforge Iron
r_Knives_p03_r01,Crude Barbaric Daggers,http://darkfallunholywars.info/wp-content/themes/darkfalluw/data/icons/crude_barbaric_knives.png,Weaponsmithing,1,25,1,1,2,1,1,,1 Crude Barbaric Daggers: 1 Gold; 2 Iron Ingot; 1 Wood; 1 Leather
r_Knives_p03_r02,Common Barbaric Daggers,http://darkfallunholywars.info/wp-content/themes/darkfalluw/data/icons/common_barbaric_knives.png,Weaponsmithing,25,50,1,8,4,1,1,,1 Common Barbaric Daggers: 8 Gold; 4 Iron Ingot; 1 Wood; 1 Leather
r_Knives_p03_r03,Sturdy Barbaric Daggers,http://darkfallunholywars.info/wp-content/themes/darkfalluw/data/icons/sturdy_barbaric_knives.png,Weaponsmithing,50,75,1,25,8,1,1,,1 Sturdy Barbaric Daggers: 25 Gold; 8 Iron Ingot; 1 Wood; 1 Leather
r_Knives_p03_r04,Superior Barbaric Daggers,http://darkfallunholywars.info/wp-content/themes/darkfalluw/data/icons/superior_barbaric_knives.png,Weaponsmithing,75,100,1,50,16,1,1,,1 Superior Barbaric Daggers: 50 Gold; 16 Iron Ingot; 1 Wood; 1 Leather
r_Knives_p03_r05,Selentine Barbaric Daggers,http://darkfallunholywars.info/wp-content/themes/darkfalluw/data/icons/selentine_barbaric_knives.png,Weaponsmithing Mastery,1,25,1,95,25,2,2,2 Selentine Ingot; 2 Selentine Leather; 1 Selentine Wood,1 Selentine Barbaric Daggers: 95 Gold; 25 Iron Ingot; 2 Wood; 2 Leather; 2 Selentine Ingot; 2 Selentine Leather; 1 Selentine Wood
r_Knives_p03_r06,Veilron Barbaric Daggers,http://darkfallunholywars.info/wp-content/themes/darkfalluw/data/icons/veilron_barbaric_knives.png,Weaponsmithing Mastery,25,50,1,155,25,2,2,2 Veilron Ingot; 2 Selentine Leather; 1 Selentine Wood,1 Veilron Barbaric Daggers: 155 Gold; 25 Iron Ingot; 2 Wood; 2 Leather; 2 Veilron Ingot; 2 Selentine Leather; 1 Selentine Wood
r_Knives_p03_r07,Neithal Barbaric Daggers,http://darkfallunholywars.info/wp-content/themes/darkfalluw/data/icons/neithal_barbaric_knives.png,Weaponsmithing Mastery,50,75,1,235,25,2,2,2 Neithal Ingot; 2 Veilron Leather; 1 Veilron Wood,1 Neithal Barbaric Daggers: 235 Gold; 25 Iron Ingot; 2 Wood; 2 Leather; 2 Neithal Ingot; 2 Veilron Leather; 1 Veilron Wood
r_Knives_p03_r08,Leenspar Barbaric Daggers,http://darkfallunholywars.info/wp-content/themes/darkfalluw/data/icons/leenspar_barbaric_knives.png,Weaponsmithing Mastery,75,100,1,340,25,2,2,2 Leenspar Ingot; 2 Neithal Leather; 1 Neithal Wood,1 Leenspar Barbaric Daggers: 340 Gold; 25 Iron Ingot; 2 Wood; 2 Leather; 2 Leenspar Ingot; 2 Neithal Leather; 1 Neithal Wood
r_Knives_p03_r09,Theyril Barbaric Daggers,http://darkfallunholywars.info/wp-content/themes/darkfalluw/data/icons/theyril_barbaric_knives.png,Weaponsmithing Mastery,100,125,1,475,25,2,2,2 Theyril Ingot; 2 Leenspar Leather; 1 Leenspar Wood; 1 Primal Gristle (Q5); 1 Primal Anima (Q5); 1 Hellforge Iron,1 Theyril Barbaric Daggers: 475 Gold; 25 Iron Ingot; 2 Wood; 2 Leather; 2 Theyril Ingot; 2 Leenspar Leather; 1 Leenspar Wood; 1 Primal Gristle (Q5); 1 Primal Anima (Q5); 1 Hellforge Iron
r_Polearm_p03_r01,Crude Barbaric Polearm,http://darkfallunholywars.info/wp-content/themes/darkfalluw/data/icons/crude_barbaric_polearm.png,Weaponsmithing,1,25,1,1,2,1,1,,1 Crude Barbaric Polearm: 1 Gold; 2 Iron Ingot; 1 Wood; 1 Leather
r_Polearm_p03_r02,Common Barbaric Polearm,http://darkfallunholywars.info/wp-content/themes/darkfalluw/data/icons/common_barbaric_polearm.png,Weaponsmithing,25,50,1,8,5,3,1,,1 Common Barbaric Polearm: 8 Gold; 5 Iron Ingot; 3 Wood; 1 Leather
r_Polearm_p03_r03,Sturdy Barbaric Polearm,http://darkfallunholywars.info/wp-content/themes/darkfalluw/data/icons/sturdy_barbaric_polearm.png,Weaponsmithing,50,75,1,25,10,5,2,,1 Sturdy Barbaric Polearm: 25 Gold; 10 Iron Ingot; 5 Wood; 2 Leather
r_Polearm_p03_r04,Superior Barbaric Polearm,http://darkfallunholywars.info/wp-content/themes/darkfalluw/data/icons/superior_barbaric_polearm.png,Weaponsmithing,75,100,1,50,20,8,4,,1 Superior Barbaric Polearm: 50 Gold; 20 Iron Ingot; 8 Wood; 4 Leather
r_Polearm_p03_r05,Selentine Barbaric Polearm,http://darkfallunholywars.info/wp-content/themes/darkfalluw/data/icons/selentine_barbaric_polearm.png,Weaponsmithing Mastery,1,25,1,95,34,10,5,2 Selentine Ingot; 2 Selentine Wood; 1 Selentine Leather,1 Selentine Barbaric Polearm: 95 Gold; 34 Iron Ingot; 10 Wood; 5 Leather; 2 Selentine Ingot; 2 Selentine Wood; 1 Selentine Leather
r_Polearm_p03_r06,Veilron Barbaric Polearm,http://darkfallunholywars.info/wp-content/themes/darkfalluw/data/icons/veilron_barbaric_polearm.png,Weaponsmithing Mastery,25,50,1,155,34,10,5,2 Veilron Ingot; 2 Selentine Wood; 1 Selentine Leather,1 Veilron Barbaric Polearm: 155 Gold; 34 Iron Ingot; 10 Wood; 5 Leather; 2 Veilron Ingot; 2 Selentine Wood; 1 Selentine Leather
r_Polearm_p03_r07,Neithal Barbaric Polearm,http://darkfallunholywars.info/wp-content/themes/darkfalluw/data/icons/neithal_barbaric_polearm.png,Weaponsmithing Mastery,50,75,1,235,34,10,5,2 Neithal Ingot; 2 Veilron Wood; 1 Veilron Leather,1 Neithal Barbaric Polearm: 235 Gold; 34 Iron Ingot; 10 Wood; 5 Leather; 2 Neithal Ingot; 2 Veilron Wood; 1 Veilron Leather
r_Polearm_p03_r08,Leenspar Barbaric Polearm,http://darkfallunholywars.info/wp-content/themes/darkfalluw/data/icons/leenspar_barbaric_polearm.png,Weaponsmithing Mastery,75,100,1,340,34,10,5,2 Leenspar Ingot; 2 Neithal Wood; 1 Neithal Leather,1 Leenspar Barbaric Polearm: 340 Gold; 34 Iron Ingot; 10 Wood; 5 Leather; 2 Leenspar Ingot; 2 Neithal Wood; 1 Neithal Leather
r_Polearm_p03_r09,Theyril Barbaric Polearm,http://darkfallunholywars.info/wp-content/themes/darkfalluw/data/icons/theyril_barbaric_polearm.png,Weaponsmithing Mastery,100,125,1,475,34,10,5,2 Theyril Ingot; 2 Leenspar Wood; 1 Leenspar Leather; 1 Primal Gristle (Q5); 1 Primal Anima (Q5); 1 Hellforge Iron,1 Theyril Barbaric Polearm: 475 Gold; 34 Iron Ingot; 10 Wood; 5 Leather; 2 Theyril Ingot; 2 Leenspar Wood; 1 Leenspar Leather; 1 Primal Gristle (Q5); 1 Primal Anima (Q5); 1 Hellforge Iron
